img_116.5.4_9.43.53.33.png;1
img_98 copy.png;1
img_12.30.51.250.png;1
img_19.22.36.183.png;1
img_116.5.5_14.4.5.390.png;0
2_img_116.5.5_14.4.5.390.png;0
img_116.4.21_15.25.26.153.png;1
img_116.5.4_9.44.31.244.png;1
2_img_116.5.4_9.44.31.244.png;0
img_116.5.4_12.16.10.120.png;0
2_img_116.5.4_12.16.10.120.png;0
img_129 copy.png;1
img_116.5.4_10.55.41.125.png;0
2_img_116.5.4_10.55.41.125.png;0
img_12.52.56.3.png;0
2_img_12.52.56.3.png;0
img_116.5.4_12.16.22.193.png;0
2_img_116.5.4_12.16.22.193.png;0
img_52 copy.png;1
2_img_52 copy.png;0
img_14.4.59.410.png;1
2_img_14.4.59.410.png;0
img_116.5.4_10.5.47.176.png;0
2_img_116.5.4_10.5.47.176.png;0
img_28.png;1
img_116.5.4_10.5.27.51.png;1
2_img_116.5.4_10.5.27.51.png;0
img_116.5.5_14.3.11.57.png;1
img_116.5.5_18.40.35.363.png;1
2_img_116.5.5_18.40.35.363.png;0
img_116.4.21_15.25.29.168.png;0
2_img_116.4.21_15.25.29.168.png;0
img_6644.png;1
img_116.5.5_18.40.13.229.png;1
2_img_116.5.5_18.40.13.229.png;0
img_116.4.19_14.9.39.241.png;1
2_img_116.4.19_14.9.39.241.png;0
img_1643.png;1
2_img_1643.png;0
img_119.png;1
2_img_119.png;0
img_116.4.21_15.25.54.322.png;1
img_116.5.4_9.44.22.187.png;1
2_img_116.5.4_9.44.22.187.png;0
img_83_1.png;0
2_img_83_1.png;0
img_116.4.21_15.25.58.350.png;0
2_img_116.4.21_15.25.58.350.png;0
img_116.5.4_12.16.33.260.png;0
2_img_116.5.4_12.16.33.260.png;0
img_116.5.5_14.4.7.401.png;0
2_img_116.5.5_14.4.7.401.png;0
img_116.5.5_18.40.24.298.png;1
2_img_116.5.5_18.40.24.298.png;0
img_19.22.7.13.png;0
2_img_19.22.7.13.png;0
img_116.5.4_10.6.16.353.png;0
2_img_116.5.4_10.6.16.353.png;0
img_116.4.22_18.41.19.4.png;0
2_img_116.4.22_18.41.19.4.png;0
img_116.5.4_10.55.44.145.png;0
2_img_116.5.4_10.55.44.145.png;0
img_116.5.5_14.3.28.166.png;0
2_img_116.5.5_14.3.28.166.png;0
img_116.5.5_14.4.7.402.png;0
2_img_116.5.5_14.4.7.402.png;0
img_12.53.0.47.png;1
img_116.4.20_10.33.56.210.png;1
2_img_116.4.20_10.33.56.210.png;0
img_116.4.20_10.33.21.6.png;0
2_img_116.4.20_10.33.21.6.png;0
img_116.4.20_10.33.27.59.png;1
2_img_116.4.20_10.33.27.59.png;0
img_67.png;1
2_img_67.png;0
img_9.49.18.106.png;0
2_img_9.49.18.106.png;0
img_18.2.23.39.png;1
img_11.44.11.65.png;1
img_116.5.4_10.5.42.143.png;1
2_img_116.5.4_10.5.42.143.png;0
img_116.5.4_10.55.51.188.png;0
2_img_116.5.4_10.55.51.188.png;0
img_116.4.19_14.9.0.24.png;0
2_img_116.4.19_14.9.0.24.png;0
img_116.4.22_18.42.18.3.png;0
2_img_116.4.22_18.42.18.3.png;0
img_14.4.50.358.png;1
2_img_14.4.50.358.png;0
img_116.4.22_18.42.46.198.png;1
img_19.22.31.154.png;1
2_img_19.22.31.154.png;0
img_116.5.4_9.44.0.53.png;1
2_img_116.5.4_9.44.0.53.png;0
img_116.5.4_12.15.51.17.png;0
2_img_116.5.4_12.15.51.17.png;0
img_107 copy.png;1
img_35.png;1
img_116.4.19_14.9.2.40.png;0
2_img_116.4.19_14.9.2.40.png;0
img_116.5.4_10.5.48.180.png;0
2_img_116.5.4_10.5.48.180.png;0
img_116.5.5_18.39.57.131.png;1
img_14.4.9.104.png;1
img_116.5.4_12.15.56.54.png;0
2_img_116.5.4_12.15.56.54.png;0
img_116.5.4_9.44.28.229.png;1
2_img_116.5.4_9.44.28.229.png;0
img_116.4.21_15.25.31.181.png;0
2_img_116.4.21_15.25.31.181.png;0
img_19.22.23.105.png;1
2_img_19.22.23.105.png;0
img_12.52.56.12.png;0
2_img_12.52.56.12.png;0
img_116.4.20_10.33.24.41.png;1
2_img_116.4.20_10.33.24.41.png;0
img_116.4.19_14.9.45.276.png;0
2_img_116.4.19_14.9.45.276.png;0
img_116.5.4_10.6.5.285.png;1
2_img_116.5.4_10.6.5.285.png;0
img_116.5.4_10.55.24.34.png;0
2_img_116.5.4_10.55.24.34.png;0
img_116.5.4_10.5.34.96.png;1
2_img_116.5.4_10.5.34.96.png;0
img_116.5.5_18.40.19.264.png;0
2_img_116.5.5_18.40.19.264.png;0
img_116.5.5_14.3.45.266.png;0
2_img_116.5.5_14.3.45.266.png;0
img_90.png;1
img_116.5.5_18.39.47.79.png;1
2_img_116.5.5_18.39.47.79.png;0
img_116.4.19_14.9.31.192.png;1
2_img_116.4.19_14.9.31.192.png;0
img_116.5.5_18.40.0.148.png;1
2_img_116.5.5_18.40.0.148.png;0
img_19.22.34.173.png;0
2_img_19.22.34.173.png;0
img_116.5.5_14.3.53.316.png;1
img_1144.png;1
img_14.5.7.464.png;0
2_img_14.5.7.464.png;0
img_116.5.5_14.3.16.92.png;1
img_116.4.22_18.41.30.69.png;1
2_img_116.4.22_18.41.30.69.png;0
img_116.5.4_12.15.51.2.png;0
2_img_116.5.4_12.15.51.2.png;0
img_12.52.58.39.png;1
img_14.4.57.402.png;1
img_116.4.19_14.9.4.55.png;0
2_img_116.4.19_14.9.4.55.png;0
img_140 copy.png;1
2_img_140 copy.png;0
img_116.4.19_14.9.21.133.png;0
2_img_116.4.19_14.9.21.133.png;0
img_116.4.22_18.41.37.112.png;1
2_img_116.4.22_18.41.37.112.png;0
img_116.4.22_18.42.24.61.png;1
img_116.4.22_18.42.27.80.png;1
img_116.4.21_15.25.58.346.png;1
img_116.4.22_18.42.23.56.png;1
img_116.4.21_15.25.12.62.png;1
2_img_116.4.21_15.25.12.62.png;0
img_116.4.22_18.41.23.46.png;1
img_56 copy.png;1
2_img_56 copy.png;0
img_116.4.19_14.9.32.199.png;1
img_1164.png;1
2_img_1164.png;0
img_111.png;1
2_img_111.png;0
img_116.5.5_14.3.5.21.png;0
2_img_116.5.5_14.3.5.21.png;0
img_116.5.4_10.55.34.78.png;0
2_img_116.5.4_10.55.34.78.png;0
img_116.5.5_14.3.34.197.png;0
2_img_116.5.5_14.3.34.197.png;0
img_116.4.21_15.25.35.207.png;1
img_12.30.27.100.png;1
2_img_12.30.27.100.png;0
img_116.4.21_15.25.49.293.png;1
img_14.4.24.199.png;1
2_img_14.4.24.199.png;0
img_116.4.22_18.42.59.278.png;1
2_img_116.4.22_18.42.59.278.png;0
img_116.5.5_14.4.7.404.png;0
2_img_116.5.5_14.4.7.404.png;0
img_14.3.56.19.png;0
2_img_14.3.56.19.png;0
img_9.49.16.97.png;0
2_img_9.49.16.97.png;0
img_86.png;1
img_14.4.40.296.png;1
img_12.30.15.26.png;1
img_116.5.5_18.39.56.128.png;1
2_img_116.5.5_18.39.56.128.png;0
img_116.5.5_18.39.47.78.png;1
2_img_116.5.5_18.39.47.78.png;0
img_116.5.5_18.40.21.277.png;1
2_img_116.5.5_18.40.21.277.png;0
img_116.5.4_10.55.50.179.png;0
2_img_116.5.4_10.55.50.179.png;0
img_12.52.56.19.png;1
img_116.4.20_10.33.40.110.png;1
img_116.5.4_12.16.22.196.png;0
2_img_116.5.4_12.16.22.196.png;0
img_19.45.7.61.png;0
2_img_19.45.7.61.png;0
img_18.2.21.3.png;0
2_img_18.2.21.3.png;0
img_116.4.20_10.33.43.132.png;1
2_img_116.4.20_10.33.43.132.png;0
img_12.30.28.107.png;1
img_95_92.png;0
2_img_95_92.png;0
img_122.png;1
img_131.png;1
img_133.png;1
2_img_133.png;0
img_116.5.5_18.39.58.138.png;1
2_img_116.5.5_18.39.58.138.png;0
img_116.5.4_10.5.30.73.png;0
2_img_116.5.4_10.5.30.73.png;0
img_116.4.20_10.33.21.9.png;0
2_img_116.4.20_10.33.21.9.png;0
img_116.5.5_14.4.10.422.png;0
2_img_116.5.5_14.4.10.422.png;0
img_14.4.25.202.png;1
2_img_14.4.25.202.png;0
img_19.45.20.127.png;0
2_img_19.45.20.127.png;0
img_84_30.png;0
2_img_84_30.png;0
img_116.5.5_14.4.10.423.png;0
2_img_116.5.5_14.4.10.423.png;0
img_116.5.4_12.16.27.222.png;0
2_img_116.5.4_12.16.27.222.png;0
img_116.5.4_12.16.26.217.png;0
2_img_116.5.4_12.16.26.217.png;0
img_9.49.9.67.png;0
2_img_9.49.9.67.png;0
img_116.4.19_14.9.45.281.png;0
2_img_116.4.19_14.9.45.281.png;0
img_116.4.19_14.9.38.233.png;0
2_img_116.4.19_14.9.38.233.png;0
img_9.49.20.123.png;0
2_img_9.49.20.123.png;0
img_14.4.28.223.png;1
img_116.4.22_18.42.37.144.png;1
2_img_116.4.22_18.42.37.144.png;0
img_116.5.4_9.44.21.181.png;1
2_img_116.5.4_9.44.21.181.png;0
img_116.4.22_18.42.21.44.png;1
2_img_116.4.22_18.42.21.44.png;0
img_116.5.4_10.6.2.268.png;1
img_19.45.19.122.png;0
2_img_19.45.19.122.png;0
img_12.30.24.84.png;1
img_84_29.png;0
2_img_84_29.png;0
img_116.4.19_14.9.5.61.png;0
2_img_116.4.19_14.9.5.61.png;0
img_116.5.5_18.40.7.193.png;1
2_img_116.5.5_18.40.7.193.png;0
img_18.2.22.25.png;0
2_img_18.2.22.25.png;0
img_116.4.21_15.25.6.23.png;0
2_img_116.4.21_15.25.6.23.png;0
img_116.5.4_9.43.54.40.png;1
2_img_116.5.4_9.43.54.40.png;0
img_116.5.4_9.44.26.215.png;1
2_img_116.5.4_9.44.26.215.png;0
img_116.5.5_14.4.16.456.png;0
2_img_116.5.5_14.4.16.456.png;0
img_116.4.22_18.41.20.25.png;0
2_img_116.4.22_18.41.20.25.png;0
img_116.4.22_18.42.28.88.png;1
img_116.4.20_10.34.2.246.png;1
2_img_116.4.20_10.34.2.246.png;0
img_19.45.10.82.png;0
2_img_19.45.10.82.png;0
img_116.5.4_12.15.51.15.png;0
2_img_116.5.4_12.15.51.15.png;0
img_11.46.9.59.png;1
img_116.4.21_15.25.46.272.png;1
img_116.5.4_10.55.27.53.png;0
2_img_116.5.4_10.55.27.53.png;0
img_116.5.4_9.44.35.270.png;0
2_img_116.5.4_9.44.35.270.png;0
img_116.5.5_14.3.12.64.png;1
img_12.52.57.30.png;1
2_img_12.52.57.30.png;0
img_19.22.42.222.png;0
2_img_19.22.42.222.png;0
img_116.4.22_18.43.1.286.png;1
2_img_116.4.22_18.43.1.286.png;0
img_116.4.19_14.8.59.3.png;0
2_img_116.4.19_14.8.59.3.png;0
img_14.5.20.539.png;0
2_img_14.5.20.539.png;0
img_116.4.19_14.9.19.121.png;1
img_116.5.5_18.40.35.367.png;1
2_img_116.5.5_18.40.35.367.png;0
img_19.22.9.36.png;1
img_139.png;1
2_img_139.png;0
img_116.4.22_18.42.36.138.png;1
2_img_116.4.22_18.42.36.138.png;0
img_91.png;1
img_116.4.19_14.9.1.32.png;0
2_img_116.4.19_14.9.1.32.png;0
img_19.22.24.114.png;1
2_img_19.22.24.114.png;0
img_116.5.5_14.3.43.257.png;1
2_img_116.5.5_14.3.43.257.png;0
img_116.png;1
2_img_116.png;0
img_116.4.22_18.42.53.237.png;1
img_116.4.22_18.42.56.259.png;1
2_img_116.4.22_18.42.56.259.png;0
img_1743.png;1
2_img_1743.png;0
img_116.5.4_9.44.10.113.png;1
2_img_116.5.4_9.44.10.113.png;0
img_116.4.20_10.33.21.12.png;0
2_img_116.4.20_10.33.21.12.png;0
img_116.5.4_10.5.23.30.png;0
2_img_116.5.4_10.5.23.30.png;0
img_116.4.20_10.33.21.2.png;0
2_img_116.4.20_10.33.21.2.png;0
img_116.4.21_15.25.43.254.png;0
2_img_116.4.21_15.25.43.254.png;0
img_19.22.16.80.png;1
img_116.4.21_15.25.11.61.png;1
2_img_116.4.21_15.25.11.61.png;0
img_116.5.5_14.3.44.260.png;1
2_img_116.5.5_14.3.44.260.png;0
img_116.4.19_14.9.13.82.png;0
2_img_116.4.19_14.9.13.82.png;0
img_310.png;1
2_img_310.png;0
img_116.4.22_18.42.49.214.png;1
img_116.4.22_18.41.32.81.png;1
2_img_116.4.22_18.41.32.81.png;0
img_19.22.42.223.png;0
2_img_19.22.42.223.png;0
img_116.5.5_14.3.11.62.png;1
img_116.5.5_14.3.17.99.png;1
img_19.45.22.143.png;1
img_116.4.19_14.9.0.25.png;0
2_img_116.4.19_14.9.0.25.png;0
img_116.5.5_14.4.8.411.png;0
2_img_116.5.5_14.4.8.411.png;0
img_116.4.19_14.9.2.44.png;0
2_img_116.4.19_14.9.2.44.png;0
img_116.4.21_15.25.22.129.png;1
2_img_116.4.21_15.25.22.129.png;0
img_1084.png;1
img_116.4.19_14.9.20.127.png;1
img_116.5.4_10.5.53.210.png;1
2_img_116.5.4_10.5.53.210.png;0
img_19.22.36.184.png;1
img_116.5.4_10.55.54.205.png;0
2_img_116.5.4_10.55.54.205.png;0
img_116.4.22_18.42.48.211.png;1
2_img_116.4.22_18.42.48.211.png;0
img_12.53.2.62.png;1
2_img_12.53.2.62.png;0
img_116.5.5_14.3.46.276.png;0
2_img_116.5.5_14.3.46.276.png;0
img_116.4.22_18.41.20.20.png;0
2_img_116.4.22_18.41.20.20.png;0
img_14.5.14.504.png;0
2_img_14.5.14.504.png;0
img_116.4.20_10.33.21.18.png;1
2_img_116.4.20_10.33.21.18.png;0
img_14.4.56.397.png;1
2_img_14.4.56.397.png;0
img_116.5.4_10.6.3.270.png;1
img_12.30.30.119.png;1
img_116.4.19_14.9.33.203.png;1
img_116.5.5_18.40.1.154.png;1
2_img_116.5.5_18.40.1.154.png;0
img_116.5.4_10.55.22.11.png;0
2_img_116.5.4_10.55.22.11.png;0
img_116.5.4_10.5.28.57.png;0
2_img_116.5.4_10.5.28.57.png;0
img_116.5.4_9.44.7.95.png;1
2_img_116.5.4_9.44.7.95.png;0
img_116.4.22_18.41.38.119.png;0
2_img_116.4.22_18.41.38.119.png;0
img_366.png;0
2_img_366.png;0
img_19.45.2.30.png;0
2_img_19.45.2.30.png;0
img_116.5.5_14.3.34.201.png;0
2_img_116.5.5_14.3.34.201.png;0
img_116.4.21_15.25.38.224.png;1
img_19.22.24.111.png;1
2_img_19.22.24.111.png;0
img_59.png;1
2_img_59.png;0
img_34.png;1
img_116.4.19_14.9.43.269.png;1
img_14.5.23.558.png;0
2_img_14.5.23.558.png;0
img_14.4.29.231.png;1
img_116.5.4_9.44.31.247.png;1
2_img_116.5.4_9.44.31.247.png;0
img_116.5.4_12.15.58.68.png;0
2_img_116.5.4_12.15.58.68.png;0
img_116.4.21_15.25.5.9.png;0
2_img_116.4.21_15.25.5.9.png;0
img_14.4.49.351.png;1
2_img_14.4.49.351.png;0
img_116.5.5_14.4.9.413.png;0
2_img_116.5.5_14.4.9.413.png;0
img_116.5.4_10.5.23.7.png;0
2_img_116.5.4_10.5.23.7.png;0
img_12.52.57.29.png;1
2_img_12.52.57.29.png;0
img_19.22.37.189.png;1
img_116.5.5_18.40.11.220.png;1
2_img_116.5.5_18.40.11.220.png;0
img_116.5.5_18.40.34.357.png;1
img_116.4.22_18.43.2.295.png;0
2_img_116.4.22_18.43.2.295.png;0
img_9.49.9.69.png;0
2_img_9.49.9.69.png;0
img_19.45.2.26.png;0
2_img_19.45.2.26.png;0
img_92_78.png;0
2_img_92_78.png;0
img_116.4.21_15.25.9.46.png;1
img_14.4.30.232.png;1
img_116.5.4_10.6.9.307.png;1
img_12.53.10.111.png;0
2_img_12.53.10.111.png;0
img_14.4.7.95.png;0
2_img_14.4.7.95.png;0
img_12.53.2.60.png;1
2_img_12.53.2.60.png;0
img_157.png;1
img_116.5.4_10.6.8.303.png;1
img_14.5.11.489.png;0
2_img_14.5.11.489.png;0
img_93_84.png;0
2_img_93_84.png;0
img_116.5.4_10.55.50.178.png;0
2_img_116.5.4_10.55.50.178.png;0
img_9.49.2.6.png;0
2_img_9.49.2.6.png;0
img_116.5.5_14.3.14.78.png;0
2_img_116.5.5_14.3.14.78.png;0
img_19.22.15.73.png;1
2_img_19.22.15.73.png;0
img_19.45.6.53.png;0
2_img_19.45.6.53.png;0
img_116.4.21_15.25.56.334.png;1
img_116.5.4_10.6.4.280.png;1
img_116.5.4_9.44.4.80.png;1
2_img_116.5.4_9.44.4.80.png;0
img_116.5.5_14.3.6.30.png;0
2_img_116.5.5_14.3.6.30.png;0
img_116.4.21_15.25.9.47.png;1
img_45.png;1
img_9.49.8.64.png;0
2_img_9.49.8.64.png;0
img_116.5.5_18.40.27.314.png;1
img_116.4.19_14.9.1.36.png;0
2_img_116.4.19_14.9.1.36.png;0
img_116.4.20_10.33.46.147.png;1
2_img_116.4.20_10.33.46.147.png;0
img_28p.png;1
img_116.4.20_10.33.52.183.png;1
img_18.2.33.100.png;1
img_116.4.19_14.9.27.166.png;0
2_img_116.4.19_14.9.27.166.png;0
img_116.5.5_14.3.39.232.png;0
2_img_116.5.5_14.3.39.232.png;0
img_14.4.48.346.png;1
img_19.22.27.132.png;1
2_img_19.22.27.132.png;0
img_342.png;1
2_img_342.png;0
img_182 copy.png;1
img_116.4.20_10.34.3.250.png;0
2_img_116.4.20_10.34.3.250.png;0
img_14.5.15.509.png;0
2_img_14.5.15.509.png;0
img_14.4.40.297.png;1
img_9.49.4.36.png;0
2_img_9.49.4.36.png;0
img_12.52.59.44.png;1
img_12.52.56.7.png;0
2_img_12.52.56.7.png;0
img_14.5.0.418.png;1
img_93_85.png;0
2_img_93_85.png;0
img_14.4.5.83.png;1
2_img_14.4.5.83.png;0
img_116.5.4_9.44.0.54.png;1
2_img_116.5.4_9.44.0.54.png;0
img_19.22.40.207.png;1
2_img_19.22.40.207.png;0
img_11.44.5.20.png;1
2_img_11.44.5.20.png;0
img_14.3.56.9.png;0
2_img_14.3.56.9.png;0
img_116.4.19_14.9.23.146.png;1
img_11.44.16.94.png;1
img_116.5.5_18.39.55.119.png;1
2_img_116.5.5_18.39.55.119.png;0
img_116.5.4_9.44.26.216.png;1
2_img_116.5.4_9.44.26.216.png;0
img_116.5.4_9.44.20.176.png;1
2_img_116.5.4_9.44.20.176.png;0
img_116.4.19_14.9.44.275.png;0
2_img_116.4.19_14.9.44.275.png;0
img_166 copy.png;1
2_img_166 copy.png;0
img_116.5.5_14.3.55.331.png;1
2_img_116.5.5_14.3.55.331.png;0
img_116.4.22_18.41.30.70.png;1
2_img_116.4.22_18.41.30.70.png;0
img_116.4.21_15.25.18.101.png;1
2_img_116.4.21_15.25.18.101.png;0
img_116.4.21_15.25.27.158.png;1
img_14.4.21.179.png;1
img_18.2.36.114.png;1
2_img_18.2.36.114.png;0
img_19.22.9.37.png;1
img_116.4.19_14.9.45.278.png;0
2_img_116.4.19_14.9.45.278.png;0
img_116.5.4_12.15.54.44.png;0
2_img_116.5.4_12.15.54.44.png;0
img_116.5.5_18.40.15.242.png;1
2_img_116.5.5_18.40.15.242.png;0
img_116.5.5_14.4.3.380.png;1
img_9.49.11.80.png;0
2_img_9.49.11.80.png;0
img_116.5.4_10.55.23.24.png;0
2_img_116.5.4_10.55.23.24.png;0
img_146.png;1
2_img_146.png;0
img_12.30.32.130.png;1
img_19.22.14.71.png;1
2_img_19.22.14.71.png;0
img_116.5.5_14.3.21.121.png;1
img_116.5.4_12.16.7.105.png;0
2_img_116.5.4_12.16.7.105.png;0