2_img_9.49.2.11.png;0
2_img_9.49.2.17.png;0
2_img_9.49.3.28.png;0
2_img_9.49.5.43.png;0
2_img_9.49.5.44.png;0
2_img_9.49.5.45.png;0
2_img_9.49.6.52.png;0
2_img_9.49.8.63.png;0
2_img_9.49.9.68.png;0
2_img_9.49.10.73.png;0
img_12.53.1.54.png;1
img_12.52.57.32.png;1
img_14.4.4.73.png;1
img_14.4.20.173.png;1
img_14.4.28.224.png;1
img_14.4.30.232.png;1
img_14.4.32.245.png;1
img_14.4.33.251.png;1
img_14.4.38.286.png;1
img_14.4.45.327.png;1
img_14.4.48.345.png;1
img_14.4.50.360.png;1
img_14.4.53.379.png;1
img_14.4.54.382.png;1